theta,energy
0.5,-1.5154523544786438
1.5,0.3572730899666211
-0.5,-1.9948778930828468
-1.5,-0.6402218966374332
0.0,-2.0
0.25,-1.814122863794028
-0.09999999999999999,-2.0399250388794656
-0.2,-2.059467821080014
-0.3,-2.0584330815818817
-0.15000000000000002,-2.0522612221088847
-0.225,-2.061141395203759
-0.25,-2.061526823048551
-0.275,-2.0606238637345324
-0.24,-2.0615272629176267
-0.22999999999999998,-2.0613215517783434
-0.245,-2.0615528123395563
-0.25,-2.061526823048551
-0.2425,-2.061546479957986
-0.246,-2.0615517375761527
-0.244,-2.0615518255503202
-0.2455,-2.061552532651916
-0.24475,-2.0615527589128044
-0.24509999999999998,-2.061552797633084
-0.2449,-2.0615528064305013
-0.24505,-2.061552807563261
-0.244975,-2.061552812794999
-0.24495,-2.0615528119619704
-0.244985,-2.0615528127674385
-0.244965,-2.0615528126164033
-0.24498,-2.061552812806988
-0.244985,-2.0615528127674385
-0.24497750000000001,-2.0615528128074354
-0.2449765,-2.061552812804007
-0.24497850000000002,-2.061552812808803
-0.24497950000000002,-2.061552812808108
-0.24497800000000003,-2.061552812808377
-0.24497875000000002,-2.0615528128088227
-0.24497885000000003,-2.0615528128087943
-0.24497865000000002,-2.0615528128088303
-0.24497855000000002,-2.061552812808817
-0.24497870000000002,-2.061552812808829
-0.24497862500000003,-2.0615528128088285
-0.24497866000000001,-2.0615528128088303
